Afghanistan,Low income,East- South and South-East Asia
Albania,Lower middle income,Europe and Central Asia
Algeria,Lower middle income,Middle East and North Africa
Angola,Lower middle income,Sub-Saharan Africa
Argentina,Upper middle income,Latin America and the Caribbean
Armenia,Lower middle income,Europe and Central Asia
Azerbaijan,Lower middle income,Europe and Central Asia
Bangladesh,Low income,East- South and South-East Asia
Belarus,Lower middle income,Europe and Central Asia
Belize,Upper middle income,Latin America and the Caribbean
Benin,Low income,Sub-Saharan Africa
Bhutan,Lower middle income,East- South and South-East Asia
Bolivia,Lower middle income,Latin America and the Caribbean
Bosnia and Herzegovina,Lower middle income,Europe and Central Asia
Botswana,Uppermiddle income,Sub-Saharan Africa
Brazil,Upper middle income,Latin America and the Caribbean
Bulgaria,Upper middle income,Europe and Central Asia
Burkina Faso,Low income,Sub-Saharan Africa
Burundi,Low income,Sub-Saharan Africa
Cambodia,Low income,East- South and South-East Asia
Cameroon,Lower middle income,Sub-Saharan Africa
Cape Verde,Lower middle income,Sub-Saharan Africa
Central African Republic,Low income,Sub-Saharan Africa
Chad,Low income,Sub-Saharan Africa
Chile,Upper middle income,Latin America and the Caribbean
China,Lower middle income,East- South and South-East Asia
Colombia,Lower middle income,Latin America and the Caribbean
Comoros,Low income,Sub-Saharan Africa
Congo,Low income,Sub-Saharan Africa
Cook Islands,Lower middle income,Oceania
Costa Rica,Upper middle income,Latin America and the Caribbean
C�te d'Ivoire,Low income,Sub-Saharan Africa
Croatia,Upper middle income,Europe and Central Asia
Cuba,Lower middle income,Latin America and the Caribbean
Democratic People's Republic of Korea,Not a World Bank member,East- South and South-East Asia
Democratic Republic of the Congo,Low income,Sub-Saharan Africa
Djiboutia,Lower middle income,Middle East and North Africa
Dominica,Upper middle income,Latin America and the Caribbean
Dominican Republic,Lower middle income,Latin America and the Caribbean
Ecuador,Lower middle income,Latin America and the Caribbean
Egypt,Lower middle income,Middle East and North Africa
El Salvador,Lower middle income,Latin America and the Caribbean
Equatorial Guinea,Upper middle income,Sub-Saharan Africa
Eritrea,Low income,Sub-Saharan Africa
Ethiopia,Low income,Sub-Saharan Africa
Fiji,Lower middle income,Oceania
Gabon,Upper middle income,Sub-Saharan Africa
Gambia,Low income,Sub-Saharan Africa
Georgia,Lower middle income,Europe and Central Asia
Ghana,Low income,Sub-Saharan Africa
Grenada,Upper middle income,Latin America and the Caribbean
Guatemala,Lower middle income,Latin America and the Caribbean
Guinea,Low income,Sub-Saharan Africa
Guinea-Bissau,Low income,Sub-Saharan Africa
Guyana,Lower middle income,Latin America and the Caribbean
Haiti,Low income,Latin America and the Caribbean
Honduras,Lower middle income,Latin America and the Caribbean
Hungary,Upper middle income,Europe and Central Asia
India,Low income,East- South and South-East Asia
Indonesia,Lower middle income,East- South and South-East Asia
Iran,Lower middle income,East- South and South-East Asia
Iraq,Lower middle income,Middle East and North Africa
Jamaica,Lower middle income,Latin America and the Caribbean
Jordan,Lower middle income,Middle East and North Africa
Kazakhstan,Upper middle income,Europe and Central Asia
Kenya,Low income,Sub-Saharan Africa
Kiribati,Lower middle income,Oceania
Kyrgyzstan,Low income,Europe and Central Asia
Lao People's Democratic Republic,Low income,East- South and South-East Asia
Latvia,Upper middle income,Europe and Central Asia
Lebanon,Upper middle income,Middle East and North Africa
Lesotho,Lower middle income,Sub-Saharan Africa
Liberia,Low income,Sub-Saharan Africa
Libyan Arab Jamahiriya,Upper middle income,Middle East and North Africa
Lithuania,Upper middle income,Europe and Central Asia
Madagascar,Low income,Sub-Saharan Africa
Malawi,Low income,Sub-Saharan Africa
Malaysia,Upper middle income,East- South and South-East Asia
Maldives,Lower middle income,East- South and South-East Asia
Mali,Low income,Sub-Saharan Africa
Marshall Islands,Lower middle income,Oceania
Mauritania,Low income,Sub-Saharan Africa
Mauritius,Upper middle income,Sub-Saharan Africa
Mexico,Upper middle income,Latin America and the Caribbean
Micronesia,Lower middle income,Oceania
Mongolia,Low income,East- South and South-East Asia
Montenegro,Upper middle income,Europe and Central Asia
Morocco,Lower middle income,Middle East and North Africa
Mozambique,Low income,Sub-Saharan Africa
Myanmar,Low income,East- South and South-East Asia
Namibia,Lower middle income,Sub-Saharan Africa
Nauru,Not a World Bank member,Oceania
Nepal,Low income,East- South and South-East Asia
Nicaragua,Lower middle income,Latin America and the Caribbean
Niger,Low income,Sub-Saharan Africa
Nigeria,Low income,Sub-Saharan Africa
Niue,Not a World Bank member,Oceania
Oman,Upper middle income,Middle East and North Africa
Pakistan,Low income,East- South and South-East Asia
Palau,Upper middle income,Oceania
Panama,Upper middle income,Latin America and the Caribbean
Papua New Guinea,Low income,Oceania
Paraguay,Lower middle income,Latin America and the Caribbean
Peru,Lower middle income,Latin America and the Caribbean
Philippines,Lower middle income,East- South and South-East Asia
Poland,Upper middle income,Europe and Central Asia
Republic of Moldova,Lower middle income,Europe and Central Asia
Romania,Upper middle income,Europe and Central Asia
Russian Federation,Upper middle income,Europe and Central Asia
Rwanda,Low income,Sub-Saharan Africa
Saint Kitts and Nevis,Upper middle income,Latin America and the Caribbean
Saint Lucia,Upper middle income,Latin America and the Caribbean
Saint Vincent and the Grenadines,Upper middle income,Latin America and the Caribbean
Samoa,Lower middle income,Oceania
Sao Tome and Principe,Low income,Sub-Saharan Africa
Senegal,Low income,Sub-Saharan Africa
Serbia,Upper middle income,Europe and Central Asia
Seychelles,Upper middle income,Sub-Saharan Africa
Sierra Leone,Low income,Sub-Saharan Africa
Slovakia,Upper middle income,Europe and Central Asia
Solomon Islands,Low income,Oceania
Somalia,Low income,Sub-Saharan Africa
South Africa,Upper middle income,Sub-Saharan Africa
Sri Lanka,Lower middle income,East- South and South-East Asia
Sudanb,Low income,Middle East and North Africa
Suriname,Lower middle income,Latin America and the Caribbean
Swaziland,Lower middle income,Sub-Saharan Africa
Syrian Arab Republic,Lower middle income,Middle East and North Africa
Tajikistan,Low income,Europe and Central Asia
Thailand,Lower middle income,East- South and South-East Asia
The former Yugoslav Republic of Macedonia,Lower middle income,Europe and Central Asia
Timor-Leste,Low income,East- South and South-East Asia
Togo,Low income,Sub-Saharan Africa
Tonga,Lower middle income,Oceania
Tunisia,Lower middle income,Middle East and North Africa
Turkey,Upper middle income,Middle East and North Africa
Turkmenistan,Lower middle income,Europe and Central Asia
Tuvalu,Not a World Bank member,Oceania
Uganda,Low income,Sub-Saharan Africa
Ukraine,Lower middle income,Europe and Central Asia
United Republic of Tanzania,Low income,Sub-Saharan Africa
Uruguay,Upper middle income,Latin America and the Caribbean
Uzbekistan,Low income,Europe and Central Asia
Vanuatu,Lower middle income,Oceania
Venezuela,Upper middle income,Latin America and the Caribbean
Viet Nam,Low income,East- South and South-East Asia
Yemen,Low income,Middle East and North Africa
Zambia,Low income,Sub-Saharan Africa
Zimbabwe,Low income,Sub-Saharan Africa
